county,urban_bua_count,urban_tof,total_tof,rural_tof,urban_tof_pct,rural_tof_pct
Carlow,3,30380,852275,821895,3.6,96.4
Cavan,8,41887,2279240,2237353,1.8,98.2
Clare,6,61461,2356092,2294631,2.6,97.4
Cork,27,405346,5800551,5395205,7.0,93.0
Donegal,9,86121,2057514,1971393,4.2,95.8
Dublin,14,1397172,2278168,880996,61.3,38.7
Galway,12,157204,3694699,3537495,4.3,95.7
Kerry,8,62807,2405256,2342449,2.6,97.4
Kildare,18,146410,1685326,1538916,8.7,91.3
Kilkenny,4,34815,1903277,1868462,1.8,98.2
Laois,5,36089,1369691,1333602,2.6,97.4
Leitrim,2,10722,1596219,1585497,0.7,99.3
Limerick,7,114381,2195329,2080948,5.2,94.8
Longford,4,14663,1037028,1022365,1.4,98.6
Louth,8,71125,647304,576179,11.0,89.0
Mayo,6,54326,2858945,2804619,1.9,98.1
Meath,14,98631,2422176,2323545,4.1,95.9
Monaghan,4,30109,1445419,1415310,2.1,97.9
Offaly,5,35638,1645209,1609571,2.2,97.8
Roscommon,4,24218,2087447,2063229,1.2,98.8
Sligo,6,20459,1186552,1166093,1.7,98.3
Tipperary,12,97957,3227641,3129684,3.0,97.0
Waterford,5,116149,1737331,1621182,6.7,93.3
Westmeath,6,56850,1594741,1537891,3.6,96.4
Wexford,9,123860,3480221,3356361,3.6,96.4
Wicklow,12,116946,1586053,1469107,7.4,92.6
Ireland,218,3445726,55429704,51983978,6.2,93.8
