settlement,county,population,trees_outside_forests
Carlow,Carlow,27351,20001
Tullow,Carlow,5138,5452
Muinebeag (Bagenalstown),Carlow,2945,4927
Cavan,Cavan,11741,22130
Virginia,Cavan,3211,2800
Bailieborough,Cavan,2974,5379
Kingscourt,Cavan,2955,2939
Ballyjamesduff,Cavan,2917,2036
Cootehill,Cavan,1856,2643
Mullagh,Cavan,1651,1194
Belturbet,Cavan,1610,2766
Ennis,Clare,27923,41689
Shannon,Clare,10256,11683
Sixmilebridge,Clare,2832,2075
Kilrush,Clare,2649,1300
Newmarket-On-Fergus,Clare,1887,2005
Killaloe,Clare,1666,2709
Cork city and suburbs,Cork,222526,249085
Carrigaline,Cork,18239,10929
Cobh,Cork,14148,7721
Midleton,Cork,13906,10160
Mallow,Cork,13456,18685
Youghal,Cork,8564,8375
Bandon,Cork,8196,13313
Fermoy,Cork,6720,6719
Passage West-Monkstown,Cork,6051,8734
Kinsale,Cork,5991,9062
Carrigtwohill,Cork,5568,4345
Clonakilty,Cork,5112,7422
Macroom,Cork,4096,4710
Charleville,Cork,3970,4165
Mitchelstown,Cork,3744,3878
Tower,Cork,3300,3532
Crosshaven,Cork,3263,3652
Bantry,Cork,2929,7102
Skibbereen,Cork,2903,4742
Kanturk,Cork,2803,3515
Blarney,Cork,2779,3746
Cloyne,Cork,1967,753
Dunmanway,Cork,1964,4359
Rathcormac,Cork,1957,1407
Watergrasshill,Cork,1840,1119
Millstreet,Cork,1722,2981
Castlemartyr,Cork,1603,1135
Letterkenny,Donegal,22549,37407
Buncrana,Donegal,6971,13297
Ballybofey-Stranorlar,Donegal,5406,11140
Carndonagh,Donegal,2768,7105
Donegal,Donegal,2749,5186
Bundoran,Donegal,2599,2227
Ballyshannon,Donegal,2246,5323
Convoy,Donegal,1702,2480
Lifford,Donegal,1613,1956
Dublin city and suburbs,Dublin,1263219,1258566
Swords,Dublin,40776,31803
Balbriggan,Dublin,24322,11654
Malahide,Dublin,18608,26416
Rush,Dublin,10875,7229
Portmarnock,Dublin,10750,17152
Skerries,Dublin,10743,7707
Donabate,Dublin,9669,6564
Lusk,Dublin,8806,5613
Kinsealy-Drinan,Dublin,7526,3283
Rathcoole,Dublin,5792,3510
Saggart,Dublin,4573,7269
Newcastle,Dublin,4526,7887
Balrothery,Dublin,2282,2519
Galway city and suburbs,Galway,85910,97845
Tuam,Galway,9647,7188
Ballinasloe,Galway,6597,13515
Loughrea,Galway,6322,3609
Oranmore,Galway,5819,4186
Athenry,Galway,4603,3491
Gort,Galway,2870,3627
Bearna,Galway,2336,6129
Maigh Cuilinn,Galway,2279,4603
Oughterard,Galway,1846,9122
Portumna,Galway,1690,2935
Baile Chláir,Galway,1632,954
Tralee,Kerry,26079,25493
Killarney,Kerry,14412,15507
Listowel,Kerry,4794,8626
Kenmare,Kerry,2566,5664
Castleisland,Kerry,2536,3233
Killorglin,Kerry,2163,2586
Dingle-Daingean Uí Chuis,Kerry,1671,1327
Ballybunion,Kerry,1618,371
Naas,Kildare,26180,16898
Newbridge,Kildare,24366,15264
Celbridge,Kildare,20601,23276
Maynooth,Kildare,17259,18857
Leixlip,Kildare,16733,20167
Athy,Kildare,11035,9392
Kildare,Kildare,10302,4962
Kilcock,Kildare,8674,3077
Clane,Kildare,8152,8427
Sallins,Kildare,6269,2425
Monasterevin,Kildare,5307,6137
Kill,Kildare,3818,2256
Kilcullen,Kildare,3815,3044
Rathangan,Kildare,3263,4878
Prosperous,Kildare,2413,2618
Derrinturn,Kildare,1837,1003
Allenwood,Kildare,1685,1883
Castledermot,Kildare,1685,1846
Kilkenny,Kilkenny,27184,23971
Callan,Kilkenny,2678,3454
Thomastown,Kilkenny,2305,4331
Graiguenamanagh-Tinnahinch,Kilkenny,1506,3059
Portlaoise,Laois,23494,16336
Portarlington,Laois,9288,8959
Mountmellick,Laois,4905,4890
Mountrath,Laois,2070,1610
Abbeyleix,Laois,1897,4294
Carrick-On-Shannon,Leitrim,4743,8347
Manorhamilton,Leitrim,1667,2375
Limerick city and suburbs,Limerick,102287,93387
Newcastle West,Limerick,7209,6971
Annacotty,Limerick,3398,3454
Castleconnell,Limerick,2488,4214
Abbeyfeale,Limerick,2206,2506
Kilmallock,Limerick,1761,2648
Caherconlish,Limerick,1569,1201
Longford,Longford,10952,9180
Edgeworthstown,Longford,2199,1337
Lanesborough-Ballyleague,Longford,1733,2149
Ballymahon,Longford,1714,1997
Drogheda,Louth,44135,28250
Dundalk,Louth,43112,28461
Ardee,Louth,5478,6121
Clogherhead,Louth,2275,869
Dunleer,Louth,2143,1570
Termonfeckin,Louth,1983,2106
Tullyallen,Louth,1697,1677
Carlingford,Louth,1528,2071
Castlebar,Mayo,13054,13193
Ballina,Mayo,10556,11146
Westport,Mayo,6872,17516
Claremorris,Mayo,3857,4234
Ballinrobe,Mayo,3148,4657
Ballyhaunis,Mayo,2773,3580
Navan,Meath,33886,22796
Ashbourne,Meath,15680,14401
Laytown-Bettystown-Mornington-Donacarney,Meath,15642,8875
Ratoath,Meath,10077,11550
Trim,Meath,9563,8002
Dunboyne,Meath,7155,7689
Dunshaughlin,Meath,6644,5575
Kells,Meath,6608,5614
Duleek,Meath,4899,3224
Stamullen,Meath,3720,4473
Enfield,Meath,3663,1376
Athboy,Meath,2596,2507
Ballivor,Meath,1870,1569
Longwood,Meath,1685,980
Monaghan,Monaghan,7894,13363
Carrickmacross,Monaghan,5745,7585
Castleblayney,Monaghan,3926,5508
Clones,Monaghan,1885,3653
Tullamore,Offaly,15598,14347
Edenderry,Offaly,7888,4116
Birr,Offaly,4726,10332
Clara,Offaly,3403,4043
Banagher,Offaly,1907,2800
Roscommon,Roscommon,6555,9274
Boyle,Roscommon,2915,8631
Ballaghaderreen,Roscommon,2387,2328
Castlerea,Roscommon,2348,3985
Sligo,Sligo,20608,13532
Tubbercurry,Sligo,2307,1910
Strandhill,Sligo,1982,778
Collooney,Sligo,1797,1358
Ballysadare,Sligo,1747,1036
Ballymote,Sligo,1711,1845
Clonmel,Tipperary,18369,32356
Nenagh,Tipperary,9895,12937
Thurles,Tipperary,8185,6979
Carrick-on-Suir,Tipperary,5752,9506
Roscrea,Tipperary,5542,6947
Tipperary,Tipperary,5387,5390
Cashel,Tipperary,4805,3422
Cahir,Tipperary,3679,4653
Ballina,Tipperary,2959,4653
Newport,Tipperary,2183,4191
Templemore,Tipperary,2005,4905
Fethard,Tipperary,1738,2018
Waterford city and suburbs,Waterford,60079,93009
Tramore,Waterford,11277,8510
Dungarvan,Waterford,10081,8740
Portlaw,Waterford,1881,2980
Dunmore East,Waterford,1731,2910
Athlone,Westmeath,22869,28904
Mullingar,Westmeath,22667,21705
Kinnegad,Westmeath,3064,1289
Moate,Westmeath,3013,2362
Kilbeggan,Westmeath,1575,1285
Killucan-Rathwire,Westmeath,1574,1305
Wexford,Wexford,21524,26372
Enniscorthy,Wexford,12310,27461
Gorey,Wexford,11517,16067
New Ross,Wexford,8610,18439
Courtown,Wexford,4365,10597
Rosslare Harbour,Wexford,2247,4253
Bunclody,Wexford,2053,7958
Castlebridge,Wexford,1850,5369
Rosslare,Wexford,1795,7344
Bray,Wicklow,33512,37568
Greystones-Delgany,Wicklow,22009,28297
Arklow,Wicklow,13399,12237
Wicklow,Wicklow,12957,9699
Blessington,Wicklow,5611,3219
Kilcoole,Wicklow,4569,2769
Newtownmountkennedy,Wicklow,3539,2266
Rathnew,Wicklow,3482,1908
Baltinglass,Wicklow,2611,2829
Rathdrum,Wicklow,2264,2631
Enniskerry,Wicklow,2000,10198
Ashford,Wicklow,1892,3325
